{
  "Total" : {
    "transaction" : "Total",
    "sampleCount" : 8732,
    "errorCount" : 1,
    "errorPct" : 0.01145213,
    "meanResTime" : 100.08737975263395,
    "medianResTime" : 53.0,
    "minResTime" : 35.0,
    "maxResTime" : 7071.0,
    "pct1ResTime" : 81.0,
    "pct2ResTime" : 103.0,
    "pct3ResTime" : 1093.0,
    "throughput" : 296.230959731316,
    "receivedKBytesPerSec" : 409.3410951228924,
    "sentKBytesPerSec" : 60.26255639990501
  },
  "Create a User" : {
    "transaction" : "Create a User",
    "sampleCount" : 4356,
    "errorCount" : 1,
    "errorPct" : 0.02295684,
    "meanResTime" : 55.71831955922869,
    "medianResTime" : 51.0,
    "minResTime" : 39.0,
    "maxResTime" : 642.0,
    "pct1ResTime" : 65.0,
    "pct2ResTime" : 72.0,
    "pct3ResTime" : 120.15000000000146,
    "throughput" : 151.47616232569462,
    "receivedKBytesPerSec" : 132.95017028462635,
    "sentKBytesPerSec" : 42.89852253364398
  },
  "Get Users List" : {
    "transaction" : "Get Users List",
    "sampleCount" : 4376,
    "errorCount" : 0,
    "errorPct" : 0.0,
    "meanResTime" : 144.25365630712952,
    "medianResTime" : 57.0,
    "minResTime" : 35.0,
    "maxResTime" : 7071.0,
    "pct1ResTime" : 99.0,
    "pct2ResTime" : 1057.0,
    "pct3ResTime" : 3062.0,
    "throughput" : 148.6968636379082,
    "receivedKBytesPerSec" : 280.0944447335112,
    "sentKBytesPerSec" : 18.441896173842128
  }
}